{
  "model": "cnn",
  "use_cv_fold_checkpoints": true,
  "patient_k_folds": 5,
  "seed": 42,
  "cv": {
    "accuracy": {
      "mean": 0.5518469397779743,
      "std": 0.08017350383368606,
      "median": 0.5769230769230769,
      "q1": 0.5185185185185185,
      "q3": 0.6071428571428571
    },
    "precision": {
      "mean": 0.5518469397779743,
      "std": 0.08017350383368606,
      "median": 0.5769230769230769,
      "q1": 0.5185185185185185,
      "q3": 0.6071428571428571
    },
    "recall": {
      "mean": 1.0,
      "std": 0.0,
      "median": 1.0,
      "q1": 1.0,
      "q3": 1.0
    },
    "specificity": {
      "mean": 0.0,
      "std": 0.0,
      "median": 0.0,
      "q1": 0.0,
      "q3": 0.0
    },
    "f1": {
      "mean": 0.7076328502415459,
      "std": 0.06936447067287294,
      "median": 0.7317073170731707,
      "q1": 0.6829268292682926,
      "q3": 0.7555555555555554
    },
    "tau_patient": {
      "mean": -1e-08,
      "std": 0.0,
      "median": -1e-08,
      "q1": -1e-08,
      "q3": -1e-08
    },
    "patch_threshold": {
      "mean": 0.5,
      "std": 0.0,
      "median": 0.5,
      "q1": 0.5,
      "q3": 0.5
    }
  },
  "holdout_per_fold": {
    "accuracy": {
      "mean": 0.5,
      "std": 0.0,
      "median": 0.5,
      "q1": 0.5,
      "q3": 0.5
    },
    "precision": {
      "mean": 0.5,
      "std": 0.0,
      "median": 0.5,
      "q1": 0.5,
      "q3": 0.5
    },
    "recall": {
      "mean": 1.0,
      "std": 0.0,
      "median": 1.0,
      "q1": 1.0,
      "q3": 1.0
    },
    "specificity": {
      "mean": 0.0,
      "std": 0.0,
      "median": 0.0,
      "q1": 0.0,
      "q3": 0.0
    },
    "f1": {
      "mean": 0.6666666666666666,
      "std": 0.0,
      "median": 0.6666666666666666,
      "q1": 0.6666666666666666,
      "q3": 0.6666666666666666
    },
    "tau_patient": {
      "mean": -1e-08,
      "std": 0.0,
      "median": -1e-08,
      "q1": -1e-08,
      "q3": -1e-08
    },
    "patch_threshold": {
      "mean": 0.5,
      "std": 0.0,
      "median": 0.5,
      "q1": 0.5,
      "q3": 0.5
    }
  }
}