{
  "accuracy": 0.8261494252873564,
  "precision": 0.9160671462829736,
  "recall": 0.8162393162393162,
  "specificity": 0.8464912280701754,
  "f1": 0.8632768361581922,
  "tp": 382.0,
  "tn": 193.0,
  "fp": 35.0,
  "fn": 86.0,
  "val_loss_best": 0.0737683630270593,
  "threshold": 0.04361928813159466,
  "tpr": 0.8183760683760684,
  "fpr": 0.15350877192982457,
  "fold": 1.0
}