{
  "accuracy": 0.8994974874371859,
  "precision": 0.9471830985915493,
  "recall": 0.9149659863945578,
  "specificity": 0.8557692307692307,
  "f1": 0.9307958477508651,
  "tp": 269.0,
  "tn": 89.0,
  "fp": 15.0,
  "fn": 25.0,
  "val_loss_best": 2.1031753544943714,
  "fold": 4.0
}