{
  "cnn": {
    "accuracy": {
      "mean": 0.9108492110487958,
      "std": 0.048369774203927726,
      "median": 0.8996865203761756,
      "q1": 0.8994974874371859,
      "q3": 0.955952380952381,
      "iqr": 0.05645489351519506,
      "min": 0.8318965517241379,
      "max": 0.9672131147540983
    },
    "precision": {
      "mean": 0.9706069335642393,
      "std": 0.01970647012729703,
      "median": 0.9700598802395209,
      "q1": 0.9508196721311475,
      "q3": 0.9878048780487805,
      "iqr": 0.03698520591763299,
      "min": 0.9471830985915493,
      "max": 0.9971671388101983
    },
    "recall": {
      "mean": 0.8782510090736884,
      "std": 0.07169272525932366,
      "median": 0.9027237354085603,
      "q1": 0.8571428571428571,
      "q3": 0.9149659863945578,
      "iqr": 0.057823129251700744,
      "min": 0.7521367521367521,
      "max": 0.9642857142857143
    },
    "specificity": {
      "mean": 0.9532045495054433,
      "std": 0.04993627737314223,
      "median": 0.9736842105263158,
      "q1": 0.9615384615384616,
      "q3": 0.9794168096054888,
      "iqr": 0.01787834806702726,
      "min": 0.8557692307692307,
      "max": 0.9956140350877193
    },
    "f1": {
      "mean": 0.9200900782298204,
      "std": 0.038169819377721174,
      "median": 0.9261477045908183,
      "q1": 0.9101123595505618,
      "q3": 0.9307958477508651,
      "iqr": 0.0206834882003033,
      "min": 0.8574908647990256,
      "max": 0.9759036144578312
    },
    "val_loss_best": {
      "mean": 0.6311664490382719,
      "std": 0.7400401421301471,
      "median": 0.2794047536614547,
      "q1": 0.2729698825450171,
      "q3": 0.3707337883012048,
      "iqr": 0.09776390575618771,
      "min": 0.12954846618931148,
      "max": 2.1031753544943714
    }
  },
  "autoencoder": {
    "accuracy": {
      "mean": 0.8245782774984607,
      "std": 0.07362633093675976,
      "median": 0.8261494252873564,
      "q1": 0.8015075376884422,
      "q3": 0.8961748633879781,
      "iqr": 0.09466732569953595,
      "min": 0.6990595611285266,
      "max": 0.9
    },
    "precision": {
      "mean": 0.8836280995118656,
      "std": 0.061880282100331044,
      "median": 0.9160671462829736,
      "q1": 0.8251748251748252,
      "q3": 0.9282868525896414,
      "iqr": 0.10311202741481618,
      "min": 0.7952218430034129,
      "max": 0.9533898305084746
    },
    "recall": {
      "mean": 0.8065133752460045,
      "std": 0.10094916618243058,
      "median": 0.8162393162393162,
      "q1": 0.7925170068027211,
      "q3": 0.8928571428571429,
      "iqr": 0.10034013605442182,
      "min": 0.6243386243386243,
      "max": 0.9066147859922179
    },
    "specificity": {
      "mean": 0.8563398865285657,
      "std": 0.037984002247444464,
      "median": 0.8464912280701754,
      "q1": 0.8269230769230769,
      "q3": 0.8970840480274442,
      "iqr": 0.07016097110436736,
      "min": 0.8076923076923077,
      "max": 0.9035087719298246
    },
    "f1": {
      "mean": 0.8397139912051024,
      "std": 0.06963854173684199,
      "median": 0.855045871559633,
      "q1": 0.8472727272727272,
      "q3": 0.8632768361581922,
      "iqr": 0.016004108885464996,
      "min": 0.7108433734939759,
      "max": 0.9221311475409837
    },
    "val_loss_best": {
      "mean": 0.26648359532894283,
      "std": 0.33986334940226426,
      "median": 0.11331291354319864,
      "q1": 0.0739297209855327,
      "q3": 0.12649732792952412,
      "iqr": 0.052567606943991416,
      "min": 0.0737683630270593,
      "max": 0.9449096511593994
    },
    "threshold": {
      "mean": 0.2092167768627405,
      "std": 0.2891551785474552,
      "median": 0.07168865203857422,
      "q1": 0.07046417146921158,
      "q3": 0.07319888100028038,
      "iqr": 0.002734709531068802,
      "min": 0.04361928813159466,
      "max": 0.7871128916740417
    },
    "tpr": {
      "mean": 0.8113092608089829,
      "std": 0.0985421096552986,
      "median": 0.8183760683760684,
      "q1": 0.7959183673469388,
      "q3": 0.8968253968253969,
      "iqr": 0.10090702947845809,
      "min": 0.6349206349206349,
      "max": 0.9105058365758755
    },
    "fpr": {
      "mean": 0.1436601134714342,
      "std": 0.03798400224744446,
      "median": 0.15350877192982457,
      "q1": 0.10291595197255575,
      "q3": 0.17307692307692307,
      "iqr": 0.07016097110436732,
      "min": 0.09649122807017543,
      "max": 0.19230769230769232
    }
  },
  "global_threshold": {
    "threshold": 0.06157596781849861,
    "tpr": 0.8294520547945206,
    "fpr": 0.2372735116479724
  },
  "autoencoder_global_threshold_metrics": {
    "accuracy": {
      "mean": 0.7859938543881436,
      "std": 0.10955137325580357,
      "median": 0.8115577889447236,
      "q1": 0.7399425287356322,
      "q3": 0.8726190476190476,
      "iqr": 0.13267651888341547,
      "min": 0.5987460815047022,
      "max": 0.907103825136612
    },
    "precision": {
      "mean": 0.8245676844943363,
      "std": 0.14281797271475188,
      "median": 0.9132075471698113,
      "q1": 0.7205882352941176,
      "q3": 0.9192307692307692,
      "iqr": 0.19864253393665154,
      "min": 0.5962145110410094,
      "max": 0.9735973597359736
    },
    "recall": {
      "mean": 0.8710382446902736,
      "std": 0.13387767894924704,
      "median": 0.9484126984126984,
      "q1": 0.8231292517006803,
      "q3": 0.953307392996109,
      "iqr": 0.1301781412954287,
      "min": 0.6303418803418803,
      "max": 1.0
    },
    "specificity": {
      "mean": 0.6823964532653709,
      "std": 0.33933283578215434,
      "median": 0.8157894736842105,
      "q1": 0.7788461538461539,
      "q3": 0.8370497427101201,
      "iqr": 0.05820358886396626,
      "min": 0.015384615384615385,
      "max": 0.9649122807017544
    },
    "f1": {
      "mean": 0.826494326616173,
      "std": 0.06799453068218823,
      "median": 0.8207705192629815,
      "q1": 0.7652399481193255,
      "q3": 0.8658318425760286,
      "iqr": 0.10059189445670313,
      "min": 0.7470355731225297,
      "max": 0.9335937499999999
    }
  }
}