{
  "accuracy": 0.8996865203761756,
  "precision": 0.9700598802395209,
  "recall": 0.8571428571428571,
  "specificity": 0.9615384615384616,
  "f1": 0.9101123595505618,
  "tp": 162.0,
  "tn": 125.0,
  "fp": 5.0,
  "fn": 27.0,
  "val_loss_best": 0.2794047536614547,
  "fold": 3.0
}