{
  "accuracy": 0.8015075376884422,
  "precision": 0.9282868525896414,
  "recall": 0.7925170068027211,
  "specificity": 0.8269230769230769,
  "f1": 0.855045871559633,
  "tp": 233.0,
  "tn": 86.0,
  "fp": 18.0,
  "fn": 61.0,
  "val_loss_best": 0.12649732792952412,
  "threshold": 0.07046417146921158,
  "tpr": 0.7959183673469388,
  "fpr": 0.17307692307692307,
  "fold": 4.0
}