{
  "accuracy": 0.9,
  "precision": 0.7952218430034129,
  "recall": 0.9066147859922179,
  "specificity": 0.8970840480274442,
  "f1": 0.8472727272727272,
  "tp": 233.0,
  "tn": 523.0,
  "fp": 60.0,
  "fn": 24.0,
  "val_loss_best": 0.0739297209855327,
  "threshold": 0.07168865203857422,
  "tpr": 0.9105058365758755,
  "fpr": 0.10291595197255575,
  "fold": 2.0
}