{
  "k_folds": 5,
  "seed": 42,
  "metrics": {
    "accuracy": {
      "mean": 0.8245782774984607,
      "std": 0.07362633093675976
    },
    "precision": {
      "mean": 0.8836280995118656,
      "std": 0.061880282100331044
    },
    "recall": {
      "mean": 0.8065133752460045,
      "std": 0.10094916618243058
    },
    "specificity": {
      "mean": 0.8563398865285657,
      "std": 0.037984002247444464
    },
    "f1": {
      "mean": 0.8397139912051024,
      "std": 0.06963854173684199
    },
    "val_loss_best": {
      "mean": 0.26648359532894283,
      "std": 0.33986334940226426
    },
    "threshold": {
      "mean": 0.2092167768627405,
      "std": 0.2891551785474552
    },
    "tpr": {
      "mean": 0.8113092608089829,
      "std": 0.0985421096552986
    },
    "fpr": {
      "mean": 0.1436601134714342,
      "std": 0.03798400224744446
    }
  }
}