{
  "accuracy": 0.8318965517241379,
  "precision": 0.9971671388101983,
  "recall": 0.7521367521367521,
  "specificity": 0.9956140350877193,
  "f1": 0.8574908647990256,
  "tp": 352.0,
  "tn": 227.0,
  "fp": 1.0,
  "fn": 116.0,
  "val_loss_best": 0.3707337883012048,
  "fold": 1.0
}