{
  "k_folds": 5,
  "seed": 42,
  "metrics": {
    "accuracy": {
      "mean": 0.9108492110487958,
      "std": 0.048369774203927726
    },
    "precision": {
      "mean": 0.9706069335642393,
      "std": 0.01970647012729703
    },
    "recall": {
      "mean": 0.8782510090736884,
      "std": 0.07169272525932366
    },
    "specificity": {
      "mean": 0.9532045495054433,
      "std": 0.04993627737314223
    },
    "f1": {
      "mean": 0.9200900782298204,
      "std": 0.038169819377721174
    },
    "val_loss_best": {
      "mean": 0.6311664490382719,
      "std": 0.7400401421301471
    }
  }
}