{
  "model": "ae",
  "use_cv_fold_checkpoints": true,
  "patient_k_folds": 5,
  "seed": 42,
  "cv": {
    "accuracy": {
      "mean": 0.7743877450774003,
      "std": 0.0555552614809269,
      "median": 0.75,
      "q1": 0.7307692307692307,
      "q3": 0.8148148148148148
    },
    "precision": {
      "mean": 0.751750700280112,
      "std": 0.030840782772687772,
      "median": 0.7647058823529411,
      "q1": 0.7222222222222222,
      "q3": 0.7777777777777778
    },
    "recall": {
      "mean": 0.8959757236227824,
      "std": 0.044603365175123706,
      "median": 0.9166666666666666,
      "q1": 0.8666666666666667,
      "q3": 0.9285714285714286
    },
    "specificity": {
      "mean": 0.599531057178116,
      "std": 0.17480419280289192,
      "median": 0.6363636363636364,
      "q1": 0.5454545454545454,
      "q3": 0.6923076923076923
    },
    "f1": {
      "mean": 0.8164532241951596,
      "std": 0.022417405914849756,
      "median": 0.8095238095238096,
      "q1": 0.7999999999999999,
      "q3": 0.8387096774193549
    },
    "tau_patient": {
      "mean": 0.14462624341249466,
      "std": 0.0595291322232137,
      "median": 0.13229571282863617,
      "q1": 0.10492505133152008,
      "q3": 0.13289035856723785
    },
    "patch_threshold": {
      "mean": 0.2092167768627405,
      "std": 0.2891551785474552,
      "median": 0.07168865203857422,
      "q1": 0.07046417146921158,
      "q3": 0.07319888100028038
    }
  },
  "holdout_per_fold": {
    "accuracy": {
      "mean": 0.6965517241379311,
      "std": 0.06752812423298667,
      "median": 0.7241379310344828,
      "q1": 0.6896551724137931,
      "q3": 0.75
    },
    "precision": {
      "mean": 0.6859898138098022,
      "std": 0.07499430709488822,
      "median": 0.7241379310344828,
      "q1": 0.6666666666666666,
      "q3": 0.7457627118644068
    },
    "recall": {
      "mean": 0.7586206896551724,
      "std": 0.021808811449437106,
      "median": 0.7586206896551724,
      "q1": 0.7586206896551724,
      "q3": 0.7586206896551724
    },
    "specificity": {
      "mean": 0.6344827586206897,
      "std": 0.15164574777445533,
      "median": 0.7241379310344828,
      "q1": 0.6206896551724138,
      "q3": 0.7413793103448276
    },
    "f1": {
      "mean": 0.7171952357212976,
      "std": 0.03834090336685088,
      "median": 0.7241379310344829,
      "q1": 0.7096774193548386,
      "q3": 0.752136752136752
    },
    "tau_patient": {
      "mean": 0.14462624341249466,
      "std": 0.0595291322232137,
      "median": 0.13229571282863617,
      "q1": 0.10492505133152008,
      "q3": 0.13289035856723785
    },
    "patch_threshold": {
      "mean": 0.2092167768627405,
      "std": 0.2891551785474552,
      "median": 0.07168865203857422,
      "q1": 0.07046417146921158,
      "q3": 0.07319888100028038
    }
  }
}