{
  "accuracy": 0.6990595611285266,
  "precision": 0.8251748251748252,
  "recall": 0.6243386243386243,
  "specificity": 0.8076923076923077,
  "f1": 0.7108433734939759,
  "tp": 118.0,
  "tn": 105.0,
  "fp": 25.0,
  "fn": 71.0,
  "val_loss_best": 0.9449096511593994,
  "threshold": 0.7871128916740417,
  "tpr": 0.6349206349206349,
  "fpr": 0.19230769230769232,
  "fold": 3.0
}