{
  "accuracy": 0.9672131147540983,
  "precision": 0.9878048780487805,
  "recall": 0.9642857142857143,
  "specificity": 0.9736842105263158,
  "f1": 0.9759036144578312,
  "tp": 243.0,
  "tn": 111.0,
  "fp": 3.0,
  "fn": 9.0,
  "val_loss_best": 0.12954846618931148,
  "fold": 5.0
}