{
  "accuracy": 0.955952380952381,
  "precision": 0.9508196721311475,
  "recall": 0.9027237354085603,
  "specificity": 0.9794168096054888,
  "f1": 0.9261477045908183,
  "tp": 232.0,
  "tn": 571.0,
  "fp": 12.0,
  "fn": 25.0,
  "val_loss_best": 0.2729698825450171,
  "fold": 2.0
}