{
  "accuracy": 0.8961748633879781,
  "precision": 0.9533898305084746,
  "recall": 0.8928571428571429,
  "specificity": 0.9035087719298246,
  "f1": 0.9221311475409837,
  "tp": 225.0,
  "tn": 103.0,
  "fp": 11.0,
  "fn": 27.0,
  "val_loss_best": 0.11331291354319864,
  "threshold": 0.07319888100028038,
  "tpr": 0.8968253968253969,
  "fpr": 0.09649122807017543,
  "fold": 5.0
}