{
  "model": "cnn",
  "use_cv_fold_checkpoints": true,
  "patient_k_folds": 5,
  "seed": 42,
  "cv": {
    "accuracy": {
      "mean": 0.9422712026160301,
      "std": 0.016952768166537145,
      "median": 0.9310344827586207,
      "q1": 0.9285714285714286,
      "q3": 0.9615384615384616
    },
    "precision": {
      "mean": 0.9241375497567448,
      "std": 0.05193822714668665,
      "median": 0.9411764705882353,
      "q1": 0.875,
      "q3": 0.9473684210526315
    },
    "recall": {
      "mean": 0.9749019607843138,
      "std": 0.03083859333543137,
      "median": 1.0,
      "q1": 0.9411764705882353,
      "q3": 1.0
    },
    "specificity": {
      "mean": 0.9075195392842451,
      "std": 0.05101128157968082,
      "median": 0.9,
      "q1": 0.8823529411764706,
      "q3": 0.9090909090909091
    },
    "f1": {
      "mean": 0.9472153882701552,
      "std": 0.0190276455447055,
      "median": 0.9411764705882353,
      "q1": 0.9333333333333333,
      "q3": 0.9655172413793104
    },
    "tau_patient": {
      "mean": 0.07551833987236023,
      "std": 0.007346075815420828,
      "median": 0.07748690992593765,
      "q1": 0.0698254331946373,
      "q3": 0.07943925261497498
    },
    "patch_threshold": {
      "mean": 0.5,
      "std": 0.0,
      "median": 0.5,
      "q1": 0.5,
      "q3": 0.5
    }
  },
  "holdout_per_fold": {
    "accuracy": {
      "mean": 0.8172413793103448,
      "std": 0.006451133425472331,
      "median": 0.8189655172413793,
      "q1": 0.8103448275862069,
      "q3": 0.8189655172413793
    },
    "precision": {
      "mean": 0.8438510509098744,
      "std": 0.017263433966683176,
      "median": 0.8363636363636363,
      "q1": 0.8333333333333334,
      "q3": 0.8627450980392157
    },
    "recall": {
      "mean": 0.7793103448275863,
      "std": 0.012902266850944652,
      "median": 0.7758620689655172,
      "q1": 0.7758620689655172,
      "q3": 0.7931034482758621
    },
    "specificity": {
      "mean": 0.8551724137931034,
      "std": 0.020689655172413782,
      "median": 0.8448275862068966,
      "q1": 0.8448275862068966,
      "q3": 0.8793103448275862
    },
    "f1": {
      "mean": 0.8100539064379157,
      "std": 0.005320290094732528,
      "median": 0.8073394495412843,
      "q1": 0.8070175438596492,
      "q3": 0.8141592920353982
    },
    "tau_patient": {
      "mean": 0.07551833987236023,
      "std": 0.007346075815420828,
      "median": 0.07748690992593765,
      "q1": 0.0698254331946373,
      "q3": 0.07943925261497498
    },
    "patch_threshold": {
      "mean": 0.5,
      "std": 0.0,
      "median": 0.5,
      "q1": 0.5,
      "q3": 0.5
    }
  }
}